,Species,"(0, 'go', 'reviewed')","(1, 'automatic', 'reviewed')","(1, 'manual', 'reviewed')"
0,Abiotrophia defectiva,1,0,0
1,Acaryochloris marina,271,102,0
2,Acetivibrio thermocellus,285,96,0
3,Acetoanaerobium sticklandii,25,0,0
4,Acetobacterium woodii,17,0,0
5,Acetohalobium arabaticum,1,0,0
6,Acholeplasma laidlawii,115,100,0
7,Acholeplasma sp,3,0,0
8,Acidaminococcus fermentans,13,0,0
9,Acidaminococcus sp.,0,2,0
10,Acidimicrobium ferrooxidans,7,2,0
11,Acidothermus cellulolyticus,168,90,0
12,Actinomadura kijaniata,1,0,0
13,Actinomadura sp.,1,0,0
14,Actinomyces naeslundii,4,2,0
15,Actinomyces sp,2,0,0
16,Actinomyces viscosus,1,0,0
17,Actinomycete sp.,2,0,0
18,Actinomycetospora chiangmaiensis,1,0,0
19,Actinoplanes garbadinensis,1,0,0
20,Actinoplanes missouriensis,4,0,0
21,Actinoplanes sp.,10,0,0
22,Actinoplanes teichomyceticus,2,0,0
23,Actinoplanes utahensis,1,0,0
24,Actinopolyspora halophila,1,0,0
25,Actinopolyspora mzabensis,1,0,0
26,Actinosynnema mirum,10,0,0
27,Actinosynnema pretiosum,1,0,0
28,Aerococcus urinae,1,0,0
29,Aerococcus viridans,1,0,0
30,Aeromicrobium erythreum,0,2,0
31,Agathobacter rectalis,95,52,0
32,Agromyces mediolanus,1,0,0
33,Agromyces sp.,2,0,0
34,Alder yellows,0,2,0
35,Alicyclobacillus acidocaldarius,9,0,0
36,Alicyclobacillus acidoterrestris,0,2,0
37,Alkalicoccus urumqiensis,3,0,0
38,Alkalihalobacillus alcalophilus,4,0,0
39,Alkalihalophilus pseudofirmus,56,0,0
40,Alkaliphilus metalliredigens,248,120,0
41,Alkaliphilus oremlandii,210,114,0
42,Allomeiothermus silvanus,1,0,0
43,Alteracholeplasma palmae,0,2,0
44,Amphibacillus xylanus,1,0,0
45,Amycolatopsis balhimycina,1,0,0
46,Amycolatopsis lactamdurans,10,0,0
47,Amycolatopsis mediterranei,13,0,0
48,Amycolatopsis methanolica,13,0,0
49,Amycolatopsis orientalis,17,0,0
50,Amycolatopsis sp,2,0,0
51,Amycolatopsis sp.,5,0,0
52,Anabaena cylindrica,6,0,0
53,Anabaena sp.,23,2,0
54,Anabaena variabilis,14,2,0
55,Anaerococcus prevotii,1,0,0
56,Anaerolinea thermophila,2,0,0
57,Anaeroplasma abactoclasticum,0,2,0
58,Anaerostipes caccae,1,0,0
59,Anaerostipes hadrus,1,0,0
60,Anaerotignum propionicum,8,0,0
61,Aneurinibacillus aneurinilyticus,3,0,0
62,Aneurinibacillus migulanus,6,0,0
63,Aneurinibacillus thermoaerophilus,8,0,0
64,Anoxybacillus flavithermus,188,80,0
65,Aphanizomenon baltica,1,0,0
66,Aphanizomenon flos-aquae,7,0,0
67,Aphanothece halophytica,6,0,0
68,Aphanothece sacrum,2,0,0
69,Apple proliferation,2,2,0
70,Arcanobacterium haemolyticum,2,0,0
71,Arthrobacter glacialis,1,0,0
72,Arthrobacter globiformis,13,0,0
73,Arthrobacter pascens,1,0,0
74,Arthrobacter ramosus,1,0,0
75,Arthrobacter sp,14,0,0
76,Arthrobacter sp.,196,84,0
77,Arthrospira platensis,18,6,0
78,Ash yellows,0,4,0
79,Aster yellows,78,108,0
80,Atelocyanobacterium thalassa,1,0,0
81,Bacillus acidopullulyticus,2,0,0
82,Bacillus altitudinis,1,0,0
83,Bacillus amyloliquefaciens,40,4,0
84,Bacillus anthracis,1403,338,1
85,Bacillus atrophaeus,6,0,0
86,Bacillus badius,2,0,0
87,Bacillus caldolyticus,22,2,0
88,Bacillus caldotenax,18,2,0
89,Bacillus caldovelox,1,0,0
90,Bacillus cereus,3853,974,32
91,Bacillus cytotoxicus,376,116,0
92,Bacillus dafuensis,3,0,0
93,Bacillus intermedius,0,2,0
94,Bacillus israeli,1,0,0
95,Bacillus licheniformis,558,140,1
96,Bacillus methanolicus,5,0,0
97,Bacillus mojavensis,4,0,0
98,Bacillus mycoides,384,108,0
99,Bacillus ohbensis,1,0,0
100,Bacillus paralicheniformis,5,0,0
101,Bacillus pumilus,376,128,0
102,Bacillus safensis,1,0,0
103,Bacillus selenitireducens,3,0,0
104,Bacillus sp,13,0,0
105,Bacillus sp.,73,2,0
106,Bacillus spizizenii,30,4,0
107,Bacillus stratosphericus,1,0,0
108,Bacillus subtilis,4145,198,42
109,Bacillus thermoamyloliquefaciens,2,0,0
110,Bacillus thermoproteolyticus,2,0,0
111,Bacillus thermotolerans,3,0,0
112,Bacillus thuringiensis,986,226,3
113,Bacillus vallismortis,1,0,0
114,Bacillus velezensis,438,133,0
115,Beutenbergia cavernae,101,62,0
116,Bifidobacterium adolescentis,145,90,0
117,Bifidobacterium animalis,118,70,0
118,Bifidobacterium bifidum,2,0,0
119,Bifidobacterium breve,4,0,0
120,Bifidobacterium dentium,3,0,0
121,Bifidobacterium longum,559,290,0
122,Blautia hansenii,1,0,0
123,Blautia hydrogenotrophica,2,0,0
124,Brachybacterium faecium,6,0,0
125,Brevibacillus brevis,219,88,0
126,Brevibacillus choshinensis,9,0,0
127,Brevibacillus laterosporus,1,0,0
128,Brevibacillus parabrevis,9,0,0
129,Brevibacterium epidermidis,1,0,0
130,Brevibacterium helvolum,1,0,0
131,Brevibacterium linens,4,0,0
132,Brevibacterium sterolicum,1,0,0
133,Brochothrix thermosphacta,1,0,0
134,Butyribacterium methylotrophicum,2,0,0
135,Butyrivibrio fibrisolvens,15,0,0
136,Caldalkalibacillus mannanilyticus,1,0,0
137,Caldalkalibacillus thermarum,1,0,0
138,Caldanaerobacter subterraneus,383,140,0
139,Caldicellulosiruptor bescii,169,82,0
140,Caldicellulosiruptor owensensis,1,0,0
141,Caldicellulosiruptor saccharolyticus,209,106,0
142,Caldicellulosiruptor sp.,6,0,0
143,Caloramator mitchellensis,1,0,0
144,Carboxydothermus hydrogenoformans,291,122,0
145,Carnobacterium divergens,1,0,0
146,Carnobacterium maltaromaticum,9,0,0
147,Carnobacterium sp.,2,0,0
148,Catenibacterium mitsuokai,1,0,0
149,Catenulispora acidiphila,15,0,0
150,Cellulomonas fimi,10,0,0
151,Cellulomonas flavigena,3,0,0
152,Cellulomonas sp,1,0,0
153,Cellulomonas uda,1,0,0
154,Cellulosimicrobium cellulans,2,0,0
155,Chamaesiphon minutus,1,0,0
156,Chlorante-Aster yellows,1,0,0
157,Chloroflexus aggregans,151,70,0
158,Chloroflexus aurantiacus,350,132,20
159,Chlorogloeopsis fritschii,2,0,0
160,Chthonomonas calidirosea,1,0,0
161,Clavibacter michiganensis,301,128,0
162,Clostridioides difficile,283,108,0
163,Clostridioides mangenotii,1,0,0
164,Clostridium acetobutylicum,492,140,0
165,Clostridium acidurici,1,0,0
166,Clostridium aminobutyricum,1,0,0
167,Clostridium beijerinckii,274,108,0
168,Clostridium botulinum,2120,898,23
169,Clostridium butyricum,8,0,0
170,Clostridium cellulovorans,5,0,0
171,Clostridium cochlearium,2,0,0
172,Clostridium cylindrosporum,1,0,0
173,Clostridium haemolyticum,1,0,0
174,Clostridium innocuum,1,0,0
175,Clostridium kluyveri,401,196,0
176,Clostridium ljungdahlii,6,0,0
177,Clostridium longisporum,3,0,0
178,Clostridium novyi,253,116,0
179,Clostridium paradoxum,3,0,0
180,Clostridium pasteurianum,65,0,0
181,Clostridium perfringens,1003,376,0
182,Clostridium saccharobutylicum,7,0,0
183,Clostridium sardiniense,2,0,0
184,Clostridium scatologenes,3,0,0
185,Clostridium scindens,11,0,0
186,Clostridium septicum,1,0,0
187,Clostridium sp,1,0,0
188,Clostridium sp.,10,0,0
189,Clostridium sporogenes,13,0,0
190,Clostridium subterminale,1,0,0
191,Clostridium symbiosum,2,2,0
192,Clostridium tetani,285,100,0
193,Clostridium tetanomorphum,5,0,0
194,Clostridium tyrobutyricum,2,0,0
195,Clover proliferation,0,4,0
196,Clover yellow,0,4,0
197,Cohnella laeviribosi,1,0,0
198,Collinsella aerofaciens,1,0,0
199,Conexibacter woesei,4,0,0
200,Corynebacterium ammoniagenes,17,2,0
201,Corynebacterium amycolatum,1,0,0
202,Corynebacterium aurimucosum,124,72,0
203,Corynebacterium diphtheriae,281,118,1
204,Corynebacterium efficiens,352,112,1
205,Corynebacterium flavescens,2,0,0
206,Corynebacterium glutamicum,747,210,1
207,Corynebacterium jeikeium,220,108,1
208,Corynebacterium kroppenstedtii,91,72,0
209,Corynebacterium lipophiloflavum,1,0,0
210,Corynebacterium melassecola,7,2,0
211,Corynebacterium nephridii,3,0,0
212,Corynebacterium pseudotuberculosis,6,0,0
213,Corynebacterium resistens,1,0,0
214,Corynebacterium sp.,13,0,0
215,Corynebacterium striatum,6,0,0
216,Corynebacterium ulcerans,1,0,0
217,Corynebacterium urealyticum,112,78,0
218,Crocosphaera subtropica,203,72,0
219,Cutibacterium acnes,248,116,0
220,Cyanothece sp.,203,62,0
221,Cytobacillus firmus,8,0,0
222,Dactylococcopsis salina,5,0,0
223,Dehalobacter restrictus,2,0,0
224,Dehalococcoides mccartyi,523,324,0
225,Dehalogenimonas lykanthroporepellens,2,0,0
226,Deinococcus deserti,131,76,0
227,Deinococcus geothermalis,208,108,0
228,Deinococcus proteolyticus,2,0,0
229,Deinococcus radiodurans,437,126,29
230,Desmonostoc muscorum,4,0,0
231,Desmonostoc sp.,4,0,0
232,Desulfitobacterium hafniense,472,194,0
233,Desulfofundulus thermocisternus,2,0,0
234,Desulfonispora thiosulfatigenes,1,0,0
235,Desulforamulus reducens,232,106,0
236,Desulforudis audaxviator,155,96,0
237,Dietzia sp.,3,0,0
238,Dolichospermum flosaquae,6,0,0
239,Eggerthella lenta,9,0,0
240,Elm witches'-broom,0,2,0
241,Elm yellows,0,4,0
242,Enterocloster bolteae,2,0,0
243,Enterococcus avium,1,0,0
244,Enterococcus casseliflavus,3,0,0
245,Enterococcus faecalis,441,142,0
246,Enterococcus faecium,32,2,0
247,Enterococcus gallinarum,6,0,0
248,Enterococcus hirae,40,2,0
249,Enterococcus italicus,2,10,0
250,Enterococcus mundtii,3,0,0
251,Enterococcus sp,1,0,0
252,Enterococcus sp.,1,0,0
253,Enterococcus thailandicus,2,0,0
254,Erysipelothrix rhusiopathiae,3,0,0
255,Eubacterium barkeri,12,0,0
256,Eubacterium cellulosolvens,1,0,0
257,Eubacterium limosum,7,0,0
258,Eubacterium oxidoreducens,1,0,0
259,Eubacterium ramulus,1,0,0
260,Evansella cellulosilytica,5,0,0
261,Exiguobacterium acetylicum,1,0,0
262,Exiguobacterium sibiricum,243,94,0
263,Exiguobacterium sp.,183,74,0
264,Faecalibacterium duncaniae,1,0,0
265,Ferdinandcohnia aciditolerans,2,0,0
266,Filifactor alocis,1,0,0
267,Finegoldia magna,129,86,0
268,Fischerella ambigua,3,0,0
269,Fischerella muscicola,3,0,0
270,Flavonifractor plautii,2,0,0
271,Frankia alni,184,76,0
272,Frankia casuarinae,216,96,0
273,Frankia sp.,140,80,0
274,Fructilactobacillus sanfranciscensis,20,2,0
275,Gardnerella vaginalis,1,0,0
276,Geminocystis herdmanii,2,0,0
277,Geobacillus genomosp.,3,0,0
278,Geobacillus kaustophilus,445,138,1
279,Geobacillus sp.,290,120,0
280,Geobacillus stearothermophilus,218,74,2
281,Geobacillus thermodenitrificans,361,122,0
282,Geobacillus thermoleovorans,1,0,0
283,Geobacillus thermopakistaniensis,1,0,0
284,Geodermatophilus obscurus,10,0,0
285,Gloeobacter violaceus,383,82,23
286,Gloeothece citriformis,230,82,0
287,Gloeothece membranacea,1,0,0
288,Glutamicibacter nicotianae,1,0,0
289,Glutamicibacter uratoxydans,1,0,0
290,Gordonia bronchialis,10,0,0
291,Gordonia rubripertincta,1,0,0
292,Gordonia sp.,7,0,0
293,Gottschalkia acidurici,1,0,0
294,Gottschalkia purinilytica,2,0,0
295,Halalkalibacter akibai,1,0,0
296,Halalkalibacterium halodurans,668,152,0
297,Halanaerobium praevalens,1,0,0
298,Halobacillus aidingensis,1,0,0
299,Halobacillus andaensis,1,0,0
300,Halobacillus dabanensis,1,0,0
301,Halobacillus halophilus,3,0,0
302,Halothece sp.,3,0,0
303,Halothermothrix orenii,142,72,0
304,Haploplasma axanthum,0,2,0
305,Hathewaya histolytica,8,0,0
306,Hathewaya limosa,1,0,0
307,Heliobacterium chlorum,1,0,0
308,Heliobacterium mobile,15,2,0
309,Heliobacterium modesticaldum,176,90,0
310,Heliomicrobium gestii,3,0,0
311,Herbinix hemicellulosilytica,0,2,0
312,Herpetosiphon aurantiacus,181,70,0
313,Heyndrickxia coagulans,10,2,0
314,Hydrogenibacillus schlegelii,1,0,0
315,Ilumatobacter coccineus,1,0,0
316,Intrasporangium calvum,2,0,0
317,Jonesia denitrificans,7,0,0
318,Kibdelosporangium aridum,1,0,0
319,Kineococcus radiotolerans,156,86,0
320,Kitasatospora aureofaciens,19,8,0
321,Kitasatospora griseola,6,0,0
322,Kitasatospora kifunensis,1,0,0
323,Kitasatospora setae,2,0,0
324,Kocuria rhizophila,119,72,0
325,Kocuria rosea,1,0,0
326,Kocuria sp.,1,0,0
327,Kocuria varians,1,0,0
328,Kribbella flavida,12,0,0
329,Kutzneria sp.,2,0,0
330,Kyrpidia tusciae,3,0,0
331,Kytococcus sedentarius,2,0,0
332,Laceyella sacchari,2,0,0
333,Lachnoclostridium phytofermentans,213,100,0
334,Lachnospira eligens,94,46,0
335,Lachnospiraceae bacterium,2,2,0
336,Lacrimispora saccharolytica,2,0,0
337,Lacticaseibacillus casei,239,92,0
338,Lacticaseibacillus paracasei,238,102,0
339,Lacticaseibacillus rhamnosus,14,0,0
340,Lacticaseibacillus zeae,2,0,0
341,Lactiplantibacillus pentosus,9,0,0
342,Lactiplantibacillus plantarum,435,134,0
343,Lactobacillus acidophilus,235,110,0
344,Lactobacillus amylovorus,1,0,0
345,Lactobacillus crispatus,1,0,0
346,Lactobacillus delbrueckii,398,202,0
347,Lactobacillus gasseri,172,88,0
348,Lactobacillus helveticus,209,98,0
349,Lactobacillus jensenii,1,0,0
350,Lactobacillus johnsonii,242,110,0
351,Lactobacillus kefiranofaciens,2,0,0
352,Lactobacillus leichmannii,7,0,0
353,Lactobacillus sp.,3,0,0
354,Lactococcus garvieae,1,0,0
355,Lactococcus lactis,1207,366,0
356,Lactococcus sp,1,0,0
357,Lancefieldella parvula,2,0,0
358,Latilactobacillus curvatus,8,0,0
359,Latilactobacillus sakei,280,116,0
360,Lederbergia lenta,2,0,0
361,Leifsonia aquatica,1,0,0
362,Leifsonia xyli,230,110,0
363,Lentilactobacillus buchneri,4,0,0
364,Lentilactobacillus hilgardii,6,0,0
365,Lentilactobacillus kefiri,1,0,0
366,Lentzea aerocolonigenes,9,0,0
367,Leptolyngbya boryana,31,0,0
368,Leptolyngbya ectocarpi,1,0,0
369,Leuconostoc carnosum,1,0,0
370,Leuconostoc citreum,148,92,0
371,Leuconostoc gelidum,5,0,0
372,Leuconostoc kimchii,2,0,0
373,Leuconostoc lactis,3,2,0
374,Leuconostoc mesenteroides,207,102,0
375,Leuconostoc pseudomesenteroides,1,0,0
376,Leuconostoc sp.,1,0,0
377,Levilactobacillus brevis,209,116,0
378,Ligilactobacillus salivarius,222,122,0
379,Limnospira fusiformis,2,0,0
380,Limnospira maxima,4,0,0
381,Limosilactobacillus fermentum,188,94,0
382,Limosilactobacillus mucosae,1,0,0
383,Limosilactobacillus reuteri,393,202,0
384,Listeria grayi,3,0,0
385,Listeria innocua,534,142,0
386,Listeria ivanovii,9,0,0
387,Listeria monocytogenes,1665,456,30
388,Listeria seeligeri,6,2,0
389,Listeria welshimeri,351,120,0
390,Loofah witches'-broom,0,4,0
391,Lysinibacillus sphaericus,254,88,0
392,Macrococcus caseolyticus,179,78,0
393,Malacoplasma iowae,1,0,0
394,Malacoplasma penetrans,145,100,0
395,Mammaliicoccus lentus,1,0,0
396,Mammaliicoccus sciuri,3,2,0
397,Marinococcus halophilus,3,0,0
398,Mastigocladus laminosus,42,0,0
399,Megasphaera elsdenii,7,0,0
400,Meiothermus ruber,4,2,0
401,Melissococcus plutonius,1,0,0
402,Mesomycoplasma conjunctivae,3,0,0
403,Mesomycoplasma flocculare,1,2,0
404,Mesomycoplasma hyopneumoniae,253,260,0
405,Mesomycoplasma hyorhinis,13,2,0
406,Mesomycoplasma mobile,105,92,0
407,Mesoplasma florum,118,104,0
408,Metabacillus indicus,1,0,0
409,Metamycoplasma arthritidis,60,56,0
410,Metamycoplasma hominis,17,6,0
411,Metamycoplasma salivarium,1,0,0
412,Microbacterium ammoniaphilum,2,0,0
413,Microbacterium liquefaciens,1,0,0
414,Microbacterium luteolum,2,0,0
415,Microbacterium testaceum,3,0,0
416,Microbispora sp.,1,0,0
417,Microchaete diplosiphon,40,2,0
418,Micrococcus luteus,122,94,0
419,Micrococcus sp,2,0,0
420,Microcystis aeruginosa,275,96,0
421,Microcystis sp.,2,0,0
422,Microcystis viridis,1,0,0
423,Micromonospora chalcea,1,0,0
424,Micromonospora echinofusca,2,0,0
425,Micromonospora echinospora,7,0,0
426,Micromonospora griseorubida,6,2,0
427,Micromonospora megalomicea,1,0,0
428,Micromonospora olivasterospora,4,0,0
429,Micromonospora rosea,2,0,0
430,Micromonospora sp.,3,0,0
431,Micromonospora viridifaciens,2,0,0
432,Micromonospora zionensis,1,0,0
433,Microtetraspora glauca,1,0,0
434,Moorella thermoacetica,291,124,0
435,Mycobacterium asiaticum,1,0,0
436,Mycobacterium avium,323,98,1
437,Mycobacterium bovis,1806,338,0
438,Mycobacterium celatum,1,0,0
439,Mycobacterium gastri,5,0,0
440,Mycobacterium genavense,1,0,0
441,Mycobacterium gordonae,3,2,0
442,Mycobacterium indicus,1,0,0
443,Mycobacterium intracellulare,13,4,0
444,Mycobacterium kansasii,7,0,0
445,Mycobacterium leprae,818,216,0
446,Mycobacterium lepraemurium,1,0,0
447,Mycobacterium malmoense,3,0,0
448,Mycobacterium marinum,298,90,0
449,Mycobacterium paratuberculosis,2,0,0
450,Mycobacterium scrofulaceum,3,0,0
451,Mycobacterium shimoidei,2,0,0
452,Mycobacterium simiae,1,0,0
453,Mycobacterium sp.,795,282,0
454,Mycobacterium szulgai,1,2,0
455,Mycobacterium tuberculosis,4465,408,35
456,Mycobacterium ulcerans,299,98,0
457,Mycobacterium xenopi,3,0,0
458,Mycobacteroides abscessus,196,82,0
459,Mycobacteroides chelonae,3,0,0
460,Mycolicibacter nonchromogenicus,1,0,0
461,Mycolicibacterium agri,1,0,0
462,Mycolicibacterium aurum,1,0,0
463,Mycolicibacterium austroafricanum,2,0,0
464,Mycolicibacterium chitae,2,0,0
465,Mycolicibacterium fallax,2,0,0
466,Mycolicibacterium flavescens,2,0,0
467,Mycolicibacterium fortuitum,14,2,0
468,Mycolicibacterium gilvum,237,92,0
469,Mycolicibacterium goodii,8,0,0
470,Mycolicibacterium hassiacum,3,0,0
471,Mycolicibacterium neoaurum,2,0,0
472,Mycolicibacterium parafortuitum,1,0,0
473,Mycolicibacterium paratuberculosis,391,124,0
474,Mycolicibacterium peregrinum,1,0,0
475,Mycolicibacterium phlei,5,0,0
476,Mycolicibacterium pulveris,1,0,0
477,Mycolicibacterium rhodesiae,1,0,0
478,Mycolicibacterium smegmatis,587,120,1
479,Mycolicibacterium thermoresistibile,5,0,0
480,Mycolicibacterium vaccae,1,0,0
481,Mycolicibacterium vanbaalenii,283,92,0
482,Mycoplasma capricolum,136,102,0
483,Mycoplasma genitalium,411,108,23
484,Mycoplasma mycoides,126,102,0
485,Mycoplasma pneumoniae,612,148,0
486,Mycoplasma sp,5,6,0
487,Mycoplasmoides gallisepticum,142,104,0
488,Mycoplasmoides pirum,6,0,0
489,Mycoplasmoides pneumoniae,2,2,0
490,Mycoplasmopsis agalactiae,60,68,0
491,Mycoplasmopsis arginini,1,0,0
492,Mycoplasmopsis bovis,1,0,0
493,Mycoplasmopsis fermentans,5,4,0
494,Mycoplasmopsis pulmonis,153,102,0
495,Mycoplasmopsis synoviae,84,94,0
496,Nakamurella multipartita,9,0,0
497,Natranaerobius thermophilus,163,110,0
498,Niallia circulans,37,2,0
499,Nocardia asteroides,3,0,0
500,Nocardia brasiliensis,1,0,0
501,Nocardia farcinica,334,120,0
502,Nocardia globerula,1,0,0
503,Nocardia iowensis,2,0,0
504,Nocardia uniformis,4,0,0
505,Nocardioides simplex,2,0,0
506,Nocardioides sp.,202,88,0
507,Nocardiopsis dassonvillei,5,0,0
508,Nodularia spumigena,1,0,0
509,Nostoc commune,8,0,0
510,Nostoc ellipsosporum,2,0,0
511,Nostoc linckia,1,0,0
512,Nostoc punctiforme,283,90,0
513,Nostoc sp.,661,132,0
514,Oceanobacillus iheyensis,480,146,0
515,Oenococcus oeni,166,90,0
516,Olsenella uli,1,0,0
517,Onion yellows,86,104,0
518,Paenarthrobacter aurescens,176,78,0
519,Paenarthrobacter nicotinovorans,21,0,0
520,Paenarthrobacter nitroguajacolicus,1,0,0
521,Paenarthrobacter ureafaciens,4,0,0
522,Paenibacillus alvei,4,0,0
523,Paenibacillus amylolyticus,2,0,0
524,Paenibacillus barcinonensis,7,0,0
525,Paenibacillus durus,2,0,0
526,Paenibacillus harenae,1,0,0
527,Paenibacillus larvae,4,0,0
528,Paenibacillus lautus,3,0,0
529,Paenibacillus lemnae,1,0,0
530,Paenibacillus macerans,5,0,0
531,Paenibacillus macquariensis,1,0,0
532,Paenibacillus polymyxa,17,0,0
533,Paenibacillus popilliae,3,0,0
534,Paenibacillus sp,2,0,0
535,Paenibacillus sp.,9,0,0
536,Paenibacillus thiaminolyticus,2,0,0
537,Paenibacillus xerothermodurans,1,0,0
538,Paenibacillus xylanexedens,1,0,0
539,Paeniclostridium sordellii,9,0,0
540,Paraclostridium bifermentans,10,0,0
541,Parageobacillus thermoglucosidasius,8,0,0
542,Parascardovia denticolens,1,0,0
543,Parasynechococcus marenigrum,365,108,0
544,Pasteuria penetrans,1,0,0
545,Peanut witches'-broom,2,0,0
546,Pectinatus frisingensis,1,0,0
547,Pediococcus acidilactici,9,0,0
548,Pediococcus pentosaceus,220,112,0
549,Pelotomaculum thermopropionicum,198,104,0
550,Peptoclostridium acidaminophilum,24,0,0
551,Peptoclostridium litorale,4,0,0
552,Peptococcus niger,1,0,0
553,Peptoniphilus asaccharolyticus,5,0,0
554,Peribacillus psychrosaccharolyticus,3,0,0
555,Peterkaempfera griseoplana,1,0,0
556,Phormidium laminosum,6,0,0
557,Phormidium lapideum,1,0,0
558,Phytoplasma australiense,46,72,0
559,Phytoplasma mali,44,62,0
560,Phytoplasma sp.,0,14,0
561,Phytoplasma vitis,0,2,0
562,Pigeon pea,0,4,0
563,Pimelobacter sp.,1,0,0
564,Planktothrix agardhii,4,0,0
565,Planktothrix rubescens,1,0,0
566,Planobispora rosea,3,4,0
567,Planococcus maritimus,1,0,0
568,Planococcus sp.,2,0,0
569,Planomicrobium okeanokoites,2,0,0
570,Planomonospora venezuelensis,1,0,0
571,Priestia aryabhattai,3,0,0
572,Priestia megaterium,96,4,0
573,Prochlorococcus marinus,3337,1160,0
574,Prochloron didemni,3,0,0
575,Prochloron sp,1,0,0
576,Prochlorothrix hollandica,20,0,0
577,Propionibacterium freudenreichii,19,0,0
578,Propioniciclava tarda,2,0,0
579,Prunus armeniaca,0,4,0
580,Pseudanabaena galeata,3,0,0
581,Pseudanabaena sp.,2,2,0
582,Pseudanabaena tenuis,12,0,0
583,Pseudarthrobacter chlorophenolicus,144,66,0
584,Pseudarthrobacter oxydans,1,0,0
585,Pseudarthrobacter phenanthrenivorans,2,0,0
586,Pseudobutyrivibrio xylanivorans,1,0,0
587,Pseudofrankia inefficax,2,0,0
588,Pseudonocardia autotrophica,1,0,0
589,Pseudonocardia dioxanivorans,3,0,0
590,Pseudonocardia thermophila,2,0,0
591,Rarobacter faecitabidus,1,0,0
592,Rathayibacter rathayi,1,0,0
593,Renibacterium salmoninarum,129,56,0
594,Rhodococcus erythropolis,234,78,0
595,Rhodococcus fascians,12,0,0
596,Rhodococcus globerulus,6,0,0
597,Rhodococcus hoagii,6,0,0
598,Rhodococcus jostii,307,102,0
599,Rhodococcus opacus,204,80,0
600,Rhodococcus rhodochrous,19,0,0
601,Rhodococcus sp,11,0,0
602,Rhodococcus sp.,12,0,0
603,Rippkaea orientalis,219,84,0
604,Roseburia hominis,1,2,0
605,Roseiflexus castenholzii,168,90,0
606,Roseiflexus sp.,185,96,0
607,Rothia mucilaginosa,8,0,0
608,Rubrobacter xylanophilus,199,92,0
609,Rubus stunt,0,2,0
610,Ruminiclostridium cellobioparum,1,0,0
611,Ruminiclostridium cellulolyticum,170,78,0
612,Ruminiclostridium hungatei,3,0,0
613,Ruminiclostridium josui,6,0,0
614,Ruminococcus albus,12,0,0
615,Ruminococcus flavefaciens,19,0,0
616,Ruminococcus gnavus,7,0,0
617,Saccharibacillus brassicae,1,0,0
618,Saccharomonospora viridis,8,0,0
619,Saccharopolyspora erythraea,239,94,0
620,Saccharopolyspora hirsuta,1,0,0
621,Saccharopolyspora spinosa,5,0,0
622,Saccharothrix espanaensis,1,0,0
623,Saccharothrix mutabilis,1,0,0
624,Saccharothrix syringae,1,0,0
625,Salinispora arenicola,165,88,0
626,Salinispora tropica,165,84,0
627,Salipaludibacillus agaradhaerens,2,0,0
628,Sanguibacter keddieii,8,0,0
629,Scardovia inopinata,1,0,0
630,Schinkia azotoformans,2,0,0
631,Scytonema varium,1,0,0
632,Sedimentibacter hydroxybenzoicus,4,0,0
633,Segniliparus rotundus,5,0,0
634,Segniliparus rugosus,1,0,0
635,Selenomonas ruminantium,7,4,0
636,Shouchella clausii,435,132,0
637,Sinomonas sp.,1,0,0
638,Slackia exigua,1,0,0
639,Slackia heliotrinireducens,1,0,0
640,Solibacillus silvestris,1,0,0
641,Sphaerobacter thermophilus,6,0,0
642,Spiroplasma apis,1,0,0
643,Spiroplasma citri,24,24,0
644,Spiroplasma kunkelii,8,30,0
645,Spiroplasma melliferum,2,0,0
646,Spiroplasma monobiae,1,0,0
647,Spirulina sp,2,0,0
648,Spirulina sp.,2,0,0
649,Sporosarcina globispora,2,0,0
650,Sporosarcina pasteurii,11,0,0
651,Sporosarcina psychrophila,2,0,0
652,Sporosarcina ureae,4,0,0
653,Stackebrandtia nassauensis,7,0,0
654,Staphylococcus aureus,9272,1890,32
655,Staphylococcus capitis,2,0,0
656,Staphylococcus carnosus,300,110,0
657,Staphylococcus cohnii,3,0,0
658,Staphylococcus epidermidis,1424,298,2
659,Staphylococcus gallinarum,1,0,0
660,Staphylococcus haemolyticus,555,142,0
661,Staphylococcus hominis,2,0,0
662,Staphylococcus hyicus,5,0,0
663,Staphylococcus intermedius,5,0,0
664,Staphylococcus lugdunensis,3,0,0
665,Staphylococcus pseudintermedius,3,0,0
666,Staphylococcus saprophyticus,534,142,0
667,Staphylococcus simulans,3,0,0
668,Staphylococcus sp,1,0,0
669,Staphylococcus sp.,2,0,0
670,Staphylococcus staphylolyticus,1,0,0
671,Staphylococcus ureilyticus,3,0,0
672,Staphylococcus warneri,4,2,0
673,Staphylococcus xylosus,39,2,0
674,Streptacidiphilus jiangxiensis,1,0,0
675,Streptantibioticus cattleyicolor,13,0,0
676,Streptoalloteichus hindustanus,2,0,0
677,Streptoalloteichus tenebrarius,6,0,0
678,Streptococcus acidominimus,1,0,0
679,Streptococcus agalactiae,966,368,0
680,Streptococcus alactolyticus,1,0,0
681,Streptococcus anginosus,3,0,0
682,Streptococcus canis,2,0,0
683,Streptococcus constellatus,2,0,0
684,Streptococcus criceti,1,0,0
685,Streptococcus cristatus,1,0,0
686,Streptococcus downei,7,0,0
687,Streptococcus dysgalactiae,12,2,0
688,Streptococcus equi,594,284,0
689,Streptococcus equinus,9,0,0
690,Streptococcus gallolyticus,3,0,0
691,Streptococcus gordonii,294,116,0
692,Streptococcus iniae,3,0,0
693,Streptococcus intermedius,4,0,0
694,Streptococcus macedonicus,2,0,0
695,Streptococcus mitis,13,0,0
696,Streptococcus mutans,401,120,1
697,Streptococcus oralis,11,0,0
698,Streptococcus parasanguinis,11,0,0
699,Streptococcus pneumoniae,3076,1200,27
700,Streptococcus porcinus,1,0,0
701,Streptococcus pyogenes,3455,1440,0
702,Streptococcus ratti,2,0,0
703,Streptococcus salivarius,23,0,0
704,Streptococcus sanguinis,272,114,0
705,Streptococcus sp.,3,0,0
706,Streptococcus suis,393,182,0
707,Streptococcus thermophilus,824,370,0
708,Streptococcus uberis,223,102,0
709,Streptococcus vestibularis,1,0,0
710,Streptomyces achromogenes,4,0,0
711,Streptomyces acrimycini,1,0,0
712,Streptomyces actuosus,1,2,1
713,Streptomyces akiyoshiensis,1,0,0
714,Streptomyces albogriseolus,2,0,0
715,Streptomyces alboniger,3,0,0
716,Streptomyces albus,16,0,0
717,Streptomyces ambofaciens,16,0,0
718,Streptomyces antibioticus,24,6,0
719,Streptomyces antifibrinolyticus,1,0,0
720,Streptomyces anulatus,13,0,0
721,Streptomyces arenae,9,0,0
722,Streptomyces argillaceus,1,0,0
723,Streptomyces atratus,1,0,0
724,Streptomyces atroolivaceus,1,0,0
725,Streptomyces avermitilis,450,122,0
726,Streptomyces avidinii,1,0,0
727,Streptomyces azureus,3,2,0
728,Streptomyces badius,1,0,0
729,Streptomyces bikiniensis,4,2,0
730,Streptomyces bingchenggensis,7,0,0
731,Streptomyces cacaoi,8,0,0
732,Streptomyces caespitosus,3,0,0
733,Streptomyces carbophilus,1,0,0
734,Streptomyces carzinostaticus,6,0,0
735,Streptomyces cellulosae,1,0,0
736,Streptomyces chartreusis,2,0,0
737,Streptomyces chromofuscus,1,0,0
738,Streptomyces cinnamoneus,2,0,0
739,Streptomyces clavuligerus,38,0,0
740,Streptomyces coelicolor,751,100,27
741,Streptomyces coeruleorubidus,6,0,0
742,Streptomyces coerulescens,1,0,0
743,Streptomyces collinus,6,2,0
744,Streptomyces corchorusii,1,0,0
745,Streptomyces cremeus,5,0,0
746,Streptomyces cyaneus,7,0,0
747,Streptomyces cyanogenus,1,0,0
748,Streptomyces cyslabdanicus,2,0,0
749,Streptomyces davaonensis,5,0,0
750,Streptomyces diastaticus,1,0,0
751,Streptomyces diastatochromogenes,1,0,0
752,Streptomyces eurocidicus,1,0,0
753,Streptomyces exfoliatus,11,0,0
754,Streptomyces filamentosus,3,4,0
755,Streptomyces fimbriatus,2,0,0
756,Streptomyces fradiae,43,2,0
757,Streptomyces galbus,7,2,0
758,Streptomyces galilaeus,5,0,0
759,Streptomyces glaucescens,20,0,0
760,Streptomyces globisporus,8,0,0
761,Streptomyces granaticolor,1,0,0
762,Streptomyces griseoincarnatus,1,0,0
763,Streptomyces griseolus,4,0,0
764,Streptomyces griseoluteus,1,0,0
765,Streptomyces griseosporeus,2,0,0
766,Streptomyces griseoverticillatus,2,0,0
767,Streptomyces griseoviridis,2,0,0
768,Streptomyces griseus,315,110,0
769,Streptomyces halstedii,9,0,0
770,Streptomyces hygroscopicus,28,0,0
771,Streptomyces jumonjinensis,1,0,0
772,Streptomyces kanamyceticus,9,0,0
773,Streptomyces kasugaensis,2,0,0
774,Streptomyces lasalocidi,4,0,0
775,Streptomyces laurentii,2,2,0
776,Streptomyces lavendulae,19,4,0
777,Streptomyces limosus,2,0,0
778,Streptomyces lincolnensis,5,0,0
779,Streptomyces lividans,85,10,0
780,Streptomyces lividus,4,0,0
781,Streptomyces longisporus,1,0,0
782,Streptomyces luteoverticillatus,1,0,0
783,Streptomyces macromomyceticus,1,0,0
784,Streptomyces malayensis,1,0,0
785,Streptomyces malaysiensis,1,0,0
786,Streptomyces melanosporofaciens,3,0,0
787,Streptomyces microflavus,1,0,0
788,Streptomyces mobaraensis,7,0,0
789,Streptomyces morookaense,2,0,0
790,Streptomyces muensis,1,0,0
791,Streptomyces murinus,1,0,0
792,Streptomyces mycarofaciens,2,0,0
793,Streptomyces netropsis,1,0,0
794,Streptomyces nigrescens,1,0,0
795,Streptomyces niveus,23,0,0
796,Streptomyces nodosus,3,0,0
797,Streptomyces nogalater,4,0,0
798,Streptomyces noursei,5,0,0
799,Streptomyces olivaceoviridis,6,0,0
800,Streptomyces olivaceus,5,0,0
801,Streptomyces olivochromogenes,1,0,0
802,Streptomyces orinoci,1,0,0
803,Streptomyces paromomycinus,4,0,0
804,Streptomyces peucetius,20,0,0
805,Streptomyces platensis,3,0,0
806,Streptomyces plicatus,2,0,0
807,Streptomyces pratensis,1,0,0
808,Streptomyces pristinaespiralis,10,0,0
809,Streptomyces purpurascens,3,0,0
810,Streptomyces ramocissimus,5,0,0
811,Streptomyces rapamycinicus,2,0,0
812,Streptomyces reticuli,3,0,0
813,Streptomyces ribosidificus,4,0,0
814,Streptomyces rimosus,14,0,0
815,Streptomyces rishiriensis,1,0,0
816,Streptomyces rochei,4,0,0
817,Streptomyces roseochromogenus,2,0,0
818,Streptomyces rubellomurinus,1,0,0
819,Streptomyces rubiginosus,2,0,0
820,Streptomyces rubradiris,1,0,0
821,Streptomyces rugosporus,3,0,0
822,Streptomyces sahachiroi,3,0,0
823,Streptomyces scabiei,12,2,0
824,Streptomyces seoulensis,1,0,0
825,Streptomyces sp,22,0,0
826,Streptomyces sp.,43,4,0
827,Streptomyces spectabilis,1,0,0
828,Streptomyces tacrolimicus,1,0,0
829,Streptomyces tendae,2,0,0
830,Streptomyces thermocyaneoviolaceus,1,0,0
831,Streptomyces thermotolerans,1,2,0
832,Streptomyces thermoviolaceus,1,0,0
833,Streptomyces thioluteus,1,0,0
834,Streptomyces toxytricini,1,0,0
835,Streptomyces toyocaensis,5,0,0
836,Streptomyces triostinicus,1,0,0
837,Streptomyces tsukubensis,1,0,0
838,Streptomyces venezuelae,23,0,0
839,Streptomyces vinaceus,3,0,0
840,Streptomyces violaceoruber,9,2,0
841,Streptomyces violaceus,6,0,0
842,Streptomyces violaceusniger,3,0,0
843,Streptomyces violens,1,0,0
844,Streptomyces virginiae,20,6,0
845,Streptomyces viridifaciens,3,0,0
846,Streptomyces viridochromogenes,15,2,0
847,Streptomyces viridosporus,4,0,0
848,Streptomyces wedmorensis,4,0,0
849,Streptosporangium roseum,13,2,0
850,Streptosporangium sibiricum,2,0,0
851,Sulfoacidibacillus thermotolerans,0,2,0
852,Sulfobacillus thermosulfidooxidans,1,0,0
853,Symbiobacterium sp.,1,0,0
854,Symbiobacterium thermophilum,310,126,0
855,Synechococcus elongatus,466,106,0
856,Synechococcus sp,2,0,0
857,Synechococcus sp.,2595,854,0
858,Synechocystis sp.,1020,132,32
859,Syntrophomonas palmitatica,0,2,0
860,Syntrophomonas wolfei,215,108,0
861,Terrabacter sp.,1,0,0
862,Tetragenococcus halophilus,8,0,0
863,Thermacetogenium phaeum,1,0,0
864,Thermasporomyces composti,1,0,0
865,Thermoactinomyces intermedius,2,0,0
866,Thermoactinomyces vulgaris,5,0,0
867,Thermoanaerobacter brockii,6,0,0
868,Thermoanaerobacter ethanolicus,1,0,0
869,Thermoanaerobacter italicus,1,0,0
870,Thermoanaerobacter kivui,1,0,0
871,Thermoanaerobacter pseudethanolicus,235,110,0
872,Thermoanaerobacter sp,1,0,0
873,Thermoanaerobacter sp.,231,110,0
874,Thermoanaerobacter thermohydrosulfuricus,1,0,0
875,Thermoanaerobacterium saccharolyticum,7,0,0
876,Thermoanaerobacterium sp,1,0,0
877,Thermoanaerobacterium thermosaccharolyticum,14,0,0
878,Thermoanaerobacterium thermosulfurigenes,8,0,0
879,Thermobaculum terrenum,4,0,0
880,Thermobifida alba,2,0,0
881,Thermobifida cellulosilytica,2,0,0
882,Thermobifida fusca,245,112,0
883,Thermobispora bispora,6,0,0
884,Thermoclostridium stercorarium,7,0,0
885,Thermoleophilum album,1,0,0
886,Thermomicrobium roseum,93,52,0
887,Thermomonospora curvata,19,0,0
888,Thermosediminibacter oceani,3,0,0
889,Thermostichus lividus,3,0,0
890,Thermostichus vulcanus,45,0,0
891,Thermosynechococcus vestitus,441,114,0
892,Thermus aquaticus,35,24,0
893,Thermus brockianus,3,2,0
894,Thermus caldophilus,7,0,0
895,Thermus filiformis,3,2,0
896,Thermus oshimai,1,2,0
897,Thermus scotoductus,4,2,0
898,Thermus sp,2,0,0
899,Thermus sp.,4,0,0
900,Thermus thermophilus,708,356,5
901,Tissierella creatinophila,1,0,0
902,Tolypothrix scytonemoides,1,0,0
903,Tomato big,1,4,0
904,Tractidigestivibacter scatoligenes,2,0,0
905,Trichodesmium erythraeum,302,88,0
906,Trichodesmium thiebautii,2,0,0
907,Trichormus azollae,6,0,0
908,Trichormus variabilis,411,108,0
909,Tropheryma whipplei,326,200,0
910,Truepera radiovictrix,1,0,0
911,Tsukamurella paurometabola,7,0,0
912,Tsukamurella tyrosinosolvens,1,0,0
913,Ureaplasma parvum,318,208,0
914,Ureaplasma urealyticum,95,88,0
915,Ureibacillus thermosphaericus,1,0,0
916,Veillonella parvula,7,0,0
917,Virgibacillus halodenitrificans,2,0,0
918,Virgibacillus pantothenticus,4,0,0
919,Virgibacillus salexigens,1,0,0
920,Weissella confusa,2,0,0
921,Weissella hellenica,1,0,0
922,Weissella koreensis,2,0,0
923,Weissella oryzae,1,0,0
924,Weissella paramesenteroides,4,0,0
925,Weissella viridescens,1,0,0
926,Xylanimonas cellulosilytica,8,0,0
927,Ziziphus jujuba,0,2,0
